{"$type":"List`1","$values":[{"$id":"1","$type":"ProjectOptionEntry","key":"NetworkCollapsed","context":"{2232342-1578}","value":false},{"$id":"2","$type":"ProjectOptionEntry","key":"NetworkCollapsed","context":"{2232342-2099}","value":false},{"$id":"3","$type":"ProjectOptionEntry","key":"NetworkCollapsed","context":"{2232342-2060}","value":false},{"$id":"4","$type":"ProjectOptionEntry","key":"NetworkCollapsed","context":"{2232342-2071}","value":false},{"$id":"5","$type":"ProjectOptionEntry","key":"NetworkCollapsed","context":"{2232342-2085}","value":false},{"$id":"6","$type":"ProjectOptionEntry","key":"RestoreNetworkStates","context":"{2232321-1567}","value":true},{"$id":"7","$type":"ProjectOptionEntry","key":"NetworkCollapsed","context":"{2232342-4265}","value":false},{"$id":"8","$type":"ProjectOptionEntry","key":"NetworkCollapsed","context":"{2232342-6350}","value":false},{"$id":"9","$type":"ProjectOptionEntry","key":"NetworkCollapsed","context":"{2232342-8823}","value":false},{"$id":"10","$type":"ProjectOptionEntry","key":"NetworkCollapsed","context":"{2232342-8848}","value":false},{"$id":"11","$type":"ProjectOptionEntry","key":"NetworkCollapsed","context":"{2232342-8650}","value":false},{"$id":"12","$type":"ProjectOptionEntry","key":"RestoreNetworkStates","context":"{2232321-8642}","value":true},{"$id":"13","$type":"ProjectOptionEntry","key":"LastSelection@Siemens.Simatic.PlcLanguages.SCLEditor.SCLEditorView","context":"{2232321-8472}","value":{"$id":"14","$type":"SessionDataUndo","CaretPositionRC":"7, 25"}},{"$id":"15","$type":"ProjectOptionEntry","key":"NetworkCollapsed","context":"{2232342-9608}","value":false},{"$id":"16","$type":"ProjectOptionEntry","key":"NetworkCollapsed","context":"{2232342-9630}","value":false},{"$id":"17","$type":"ProjectOptionEntry","key":"NetworkCollapsed","context":"{2232342-9743}","value":false},{"$id":"18","$type":"ProjectOptionEntry","key":"LastSelection@Siemens.Simatic.PlcLanguages.PLFrame.BasicLanguageEditor","context":"{2232321-15066}","value":{"$id":"19","$type":"SessionState","NetworkStates":{"$id":"20","$type":"Dictionary`2","3":5},"FocusedComponent":2,"ComponentUndoState":0}},{"$id":"21","$type":"ProjectOptionEntry","key":"LastSelection@Siemens.Simatic.PlcLanguages.PLFrame.BasicLanguageEditor","context":"{2232321-1567}","value":{"$id":"22","$type":"SessionState","NetworkStates":{"$id":"23","$type":"Dictionary`2","8":5},"FocusedComponent":4,"ComponentUndoState":{"$id":"24","$type":"FLGViewSessionState","SelectedElements":{"$type":"String[]","$values":["<?xml version=\"1.0\" encoding=\"utf-16\"?><Connector UId=\"-1\" FormalName=\"IN\" OwnerUId=\"23\" ParaNum=\"-1\" />"]},"RelevantSettings":null}}},{"$id":"25","$type":"ProjectOptionEntry","key":"NetworkCollapsed","context":"{2232342-15178}","value":false},{"$id":"26","$type":"ProjectOptionEntry","key":"NetworkCollapsed","context":"{2232342-15179}","value":false},{"$id":"27","$type":"ProjectOptionEntry","key":"NetworkCollapsed","context":"{2232342-15180}","value":false},{"$id":"28","$type":"ProjectOptionEntry","key":"NetworkCollapsed","context":"{2232342-15181}","value":false},{"$id":"29","$type":"ProjectOptionEntry","key":"RestoreNetworkStates","context":"{2232321-15066}","value":true},{"$id":"30","$type":"ProjectOptionEntry","key":"NetworkCollapsed","context":"{2232342-15143}","value":false},{"$id":"31","$type":"ProjectOptionEntry","key":"NetworkCollapsed","context":"{2232342-15144}","value":false},{"$id":"32","$type":"ProjectOptionEntry","key":"NetworkCollapsed","context":"{2232342-15145}","value":false},{"$id":"33","$type":"ProjectOptionEntry","key":"NetworkCollapsed","context":"{2232342-15146}","value":false},{"$id":"34","$type":"ProjectOptionEntry","key":"NetworkCollapsed","context":"{2232342-15147}","value":false},{"$id":"35","$type":"ProjectOptionEntry","key":"RestoreNetworkStates","context":"{2232321-15062}","value":true},{"$id":"36","$type":"ProjectOptionEntry","key":"NetworkCollapsed","context":"{2232342-15148}","value":false},{"$id":"37","$type":"ProjectOptionEntry","key":"NetworkCollapsed","context":"{2232342-15216}","value":false},{"$id":"38","$type":"ProjectOptionEntry","key":"NetworkCollapsed","context":"{2232342-15231}","value":false},{"$id":"39","$type":"ProjectOptionEntry","key":"NetworkCollapsed","context":"{2232342-15322}","value":false},{"$id":"40","$type":"ProjectOptionEntry","key":"NetworkCollapsed","context":"{2232342-15167}","value":false},{"$id":"41","$type":"ProjectOptionEntry","key":"NetworkCollapsed","context":"{2232342-15168}","value":false},{"$id":"42","$type":"ProjectOptionEntry","key":"RestoreNetworkStates","context":"{2232321-15064}","value":true},{"$id":"43","$type":"ProjectOptionEntry","key":"NetworkCollapsed","context":"{2232342-15327}","value":false},{"$id":"44","$type":"ProjectOptionEntry","key":"NetworkCollapsed","context":"{2232342-15328}","value":false},{"$id":"45","$type":"ProjectOptionEntry","key":"NetworkCollapsed","context":"{2232342-15340}","value":false},{"$id":"46","$type":"ProjectOptionEntry","key":"NetworkCollapsed","context":"{2232342-15355}","value":false}]}